<?xml version="1.0"?>

<!--

 This is the ANT build file for the JAIN SLEE Technology Compatibility Kit 1.1

 To run this file, use Ant 1.5.1 or higher.
 (Available from http://jakarta.apache.org/ant/)

 This file must be run from the root JAIN SLEE TCK directory.

 This build file has the following useful targets:

 "clean"    - Delete all classes and jars created during the build of the JAIN SLEE TCK
          Note that configuration files and JAIN SLEE TCK work and report directories
          are not deleted.

 "build-tck"    - Compile the JAIN SLEE TCK classes and build the jars required to
          execute the JAIN SLEE TCK.

 "javadoc"    - Build the javadoc for the JAIN SLEE TCK classes (excluding the test suite classes).
          As the JavaTest tool and the JAIN SLEE TCK executable scripts form the user interface
          for the JAIN SLEE TCK, these classes will only be of interest to developers who are
          either writing or debugging tests, or who are writing a TCK resource adaptor
          for their JAIN SLEE implementation.

 The default target is "build-tck".

 -->

<project name="JAIN SLEE TCK" default="build-tck" basedir=".">
   <!-- Ignore any externally set classpath -->
   <property name="build.sysclasspath" value="ignore"/>

   <!-- PATHS -->

   <property name="classes.root" value="classes"/>
   <property name="classes.sleetck" value="classes/sleetck"/>
   <property name="classes.tasks" value="classes/tasks"/>
   <property name="javadoc" value="javadoc"/>
   <property name="jars" value="jars"/>
   <property name="dtd" value="dtd"/>
   <property name="jars.slee-components" value="jars/slee-components"/>
   <property name="jars.deployable-units" value="jars/deployable-units"/>
   <property name="tck.source" value="src/tck"/>

   <!-- OUTPUT JARS -->

   <property name="tck.package" value="sleetck.jar"/>
   <property name="tck-ra-type.package" value="sleetck-ra-type-du.jar"/>
   <property name="tck-ra-common.package" value="sleetck-ra-common.jar"/>

   <!-- CLASSPATH -->

   <path id="project.class.path">
      <pathelement location="${classes.sleetck}"/>
   </path>

   <!-- CUSTOM TASKS -->

   <target name="build-tasks" depends="find-libs,ensure-classes-dir,ensure-jars-dir">
    <javac classpath="${libs}/ant.jar:${libs}/log4j.jar" srcdir="${tck.source}" destdir="${classes.tasks}" deprecation="on" includes="com/opencloud/ant/**/*.java"/>
    <copy todir="${classes.tasks}/slee/dtd" >
        <fileset dir="${dtd}" includes="**" />
    </copy>
    <jar destfile="${jars}/slee-tasks.jar" basedir="${classes.tasks}"/>
    <taskdef name="sbbjar" classname="com.opencloud.ant.SbbJar" classpath="${jars}/slee-tasks.jar:${slee.library}"/>
    <taskdef name="eventjar" classname="com.opencloud.ant.EventJar" classpath="${jars}/slee-tasks.jar:${slee.library}"/>
    <taskdef name="profilespecjar" classname="com.opencloud.ant.ProfileSpecJar" classpath="${jars}/slee-tasks.jar:${slee.library}"/>
    <taskdef name="deployablejar" classname="com.opencloud.ant.DeployableJar" classpath="${jars}/slee-tasks.jar:${slee.library}"/>
    <taskdef name="resourceadaptortypejar" classname="com.opencloud.ant.ResourceAdaptorTypeJar" classpath="${jars}/slee-tasks.jar:${slee.library}"/>
    <taskdef name="resourceadaptorjar" classname="com.opencloud.ant.ResourceAdaptorJar" classpath="${jars}/slee-tasks.jar:${slee.library}"/>

    <taskdef name="libraryjar" classname="com.opencloud.ant.LibraryJar" classpath="${jars}/slee-tasks.jar:${slee.library}"/>
    <taskdef name="verify" classname="com.opencloud.ant.VerifierTask" classpath="${jars}/slee-tasks.jar:${slee.library}:${libs}/log4j.jar"/>
   </target>

   <!-- CLEANERS -->

   <target name="clean-all-classes">
      <delete dir="${classes.root}" quiet="true"/>
      <mkdir  dir="${classes.root}"/>
   </target>

   <target name="clean-sleetck-classes">
      <delete dir="${classes.sleetck}" quiet="true"/>
   </target>

   <target name="clean-jars">
      <delete dir="${jars}" quiet="true"/>
   </target>

   <target name="clean" depends="clean-all-classes,clean-jars"/>

   <!-- TASK TO FIND LIBRARY DIRECTORY -->
   <target name="find-libs">
    <available file="./lib" type="dir" property="libs" value="./lib"/>

    <!-- LIBRARIES USED FOR COMPILATION -->

    <property name="slee.library" value="${libs}/slee.jar"/>
    <property name="jta.library" value="${libs}/jta-spec.jar"/>
    <property name="javatest.library" value="${libs}/javatest.jar"/>
    <property name="jmx.library" value="${libs}/jmxri.jar"/>
   </target>


   <!-- TASKS TO ENSURE BUILD DIRECTORIES -->

   <target name="ensure-classes-dir">
      <mkdir dir="${classes.root}"/>
      <mkdir dir="${classes.sleetck}"/>
      <mkdir dir="${classes.tasks}"/>
   </target>

   <target name="ensure-jars-dir">
      <mkdir dir="${jars}"/>
      <mkdir dir="${jars.slee-components}"/>
      <mkdir dir="${jars.deployable-units}"/>
   </target>

   <!-- TCK INFRASTRUCTURE -->

   <target name="compile-core-classes" depends="ensure-classes-dir,find-libs">
      <javac srcdir="${tck.source}" destdir="${classes.sleetck}" deprecation="off">
         <classpath>
            <path refid="project.class.path"/>
            <pathelement location="${slee.library}"/>
            <pathelement location="${javatest.library}"/>
            <pathelement location="${jmx.library}"/>
            <pathelement location="${jta.library}"/>
         </classpath>
         <include name="com/opencloud/sleetck/lib/**/*.java"/>
         <exclude name="com/opencloud/sleetck/lib/interview/**/*.java"/>
         <exclude name="com/opencloud/sleetck/lib/testsuite/**/*.java"/>
      </javac>
   </target>

   <target name="rmic-core-classes" depends="compile-core-classes,find-libs">
      <rmic base="${classes.sleetck}">
         <classpath>
            <path refid="project.class.path"/>
            <pathelement location="${slee.library}"/>
            <pathelement location="${javatest.library}"/>
            <pathelement location="${jmx.library}"/>
         </classpath>
         <include name="com/opencloud/sleetck/lib/infra/jmx/MBeanFacadeAgentRemoteImpl.class"/>
         <include name="com/opencloud/sleetck/lib/infra/eventbridge/TCKEventSenderRemoteImpl.class"/>
         <include name="com/opencloud/sleetck/lib/infra/eventbridge/TCKEventReceiverRemoteImpl.class"/>
         <include name="com/opencloud/sleetck/lib/resource/impl/TCKResourceImpl.class"/>
         <include name="com/opencloud/sleetck/lib/resource/impl/TCKResourceTestInterfaceImpl.class"/>
         <include name="com/opencloud/sleetck/lib/resource/impl/TCKResourceListenerProxy.class"/>
      </rmic>
   </target>

   <target name="compile-interview" depends="ensure-classes-dir,find-libs">
      <javac srcdir="${tck.source}" destdir="${classes.sleetck}">
         <classpath>
            <path refid="project.class.path"/>
            <pathelement location="${javatest.library}"/>
            <pathelement location="${slee.library}"/>
         </classpath>
         <include name="com/opencloud/sleetck/lib/interview/**/*.java"/>
      </javac>
   </target>

   <target name="build-infrastructure"
           depends="build-tasks,compile-core-classes,compile-interview,rmic-core-classes"/>

   <!-- TCK RESOURCE ADAPTOR TYPE -->

   <target name="assemble-resource-adaptor-type" depends="build-infrastructure,ensure-jars-dir">

      <!-- TCK resource events jar -->
      <delete file="${jars.slee-components}/sleetck-ra-events.jar" quiet="true"/>
      <jar destfile="${jars.slee-components}/sleetck-ra-events.jar">
         <fileset dir="${classes.sleetck}"
                        includes="com/opencloud/sleetck/lib/resource/events/*.class,
                  com/opencloud/sleetck/lib/resource/TCKActivityID.class,
                  com/opencloud/sleetck/lib/resource/sbbapi/TCKActivity.class,
                                  com/opencloud/sleetck/lib/testutils/ExceptionsUtil.class,
                  com/opencloud/sleetck/lib/TCKException.class,
                  com/opencloud/sleetck/lib/TCKTestErrorException.class"/>
         <metainf dir="${tck.source}/com/opencloud/sleetck/lib/resource/events/META-INF"
        includes="event-jar.xml"/>
      </jar>

      <!-- TCK resource adaptor type jar -->
      <delete file="${jars.slee-components}/sleetck-ra-type.jar" quiet="true"/>
      <jar destfile="${jars.slee-components}/sleetck-ra-type.jar">
         <!-- Note: we include common SBB classes here,
                as all TCK SBBs reference this resource adaptor type. These classes include:
                (1) the SBB utility classes (.../sbbutils/*.class)
                (2) TCKTestFailureException -->
         <fileset dir="${classes.sleetck}"
                      includes="com/opencloud/sleetck/lib/resource/sbbapi/*.class,
                                com/opencloud/sleetck/lib/resource/TCKSbbMessage.class,
                                com/opencloud/sleetck/lib/resource/TCKTestCallException.class,
                                com/opencloud/sleetck/lib/resource/impl/TCKActivityIDImpl.class,
                                com/opencloud/sleetck/lib/sbbutils/*.class,
                                com/opencloud/sleetck/lib/TCKTestResult.class,
                                com/opencloud/sleetck/lib/testutils/Assert.class,
                                com/opencloud/sleetck/lib/TCKTestFailureException.class"
                      excludes="com/opencloud/sleetck/lib/resource/sbbapi/TCKActivity.class"/>
         <metainf dir="${tck.source}/com/opencloud/sleetck/lib/resource/META-INF"
        includes="resource-adaptor-type-jar.xml"/>
      </jar>

      <!-- TCK resource adaptor type deployable unit jar -->
      <delete  file="${jars.deployable-units}/${tck-ra-type.package}" quiet="true"/>
      <jar destfile="${jars.deployable-units}/${tck-ra-type.package}">
         <fileset dir="${jars.slee-components}"
        includes="sleetck-ra-type.jar,sleetck-ra-events.jar"/>
         <metainf dir="${tck.source}/com/opencloud/sleetck/lib/resource/META-INF"
        includes="deployable-unit.xml"/>
      </jar>
   </target>

   <target name="build-resource-adaptor-type" depends="build-infrastructure,assemble-resource-adaptor-type"/>

   <target name="build-resource-adaptor" depends="build-infrastructure, build-resource-adaptor-type, assemble-resource-adaptor"/>

   <target name="assemble-resource-adaptor">
     <deployablejar destfile="${jars.deployable-units}/sleetck-ra-du.jar" servicexml="">
       <resourceadaptorjar resourceadaptorjarxml="${tck.source}/com/opencloud/sleetck/lib/resource/adaptor11/META-INF/resource-adaptor-jar.xml"
                           classpath="${classes.sleetck}"
                           autoinclude="yes">
         <fileset dir="${classes.sleetck}">
           <include name="com/opencloud/sleetck/lib/resource/adaptor11/**/*.class"/>
           <include name="com/opencloud/logging/*.class"/>
           <include name="com/opencloud/util/*.class"/>
           <include name="com/opencloud/sleetck/lib/resource/adaptor/*.class"/>
           <include name="com/opencloud/sleetck/lib/resource/impl/*.class"/>
           <include name="com/opencloud/sleetck/lib/resource/testapi/*.class"/>

           <!-- RA Type -->
           <exclude name="com/opencloud/sleetck/lib/resource/impl/TCKActivityIDImpl.class"/>
           <exclude name="com/opencloud/sleetck/lib/resource/sbbapi/TCKResourceAdaptorSbbInterface.class"/>
           <exclude name="com/opencloud/sleetck/lib/resource/sbbapi/TCKResourceSbbInterface.class"/>
           <exclude name="com/opencloud/sleetck/lib/resource/sbbapi/TransactionIDAccess.class"/>
           <exclude name="com/opencloud/sleetck/lib/resource/TCKSbbMessage.class"/>
           <exclude name="com/opencloud/sleetck/lib/resource/TCKTestCallException.class"/>

           <!-- Events -->
           <exclude name="com/opencloud/sleetck/lib/resource/events/TCKResourceEvent.class"/>
           <exclude name="com/opencloud/sleetck/lib/resource/events/TCKResourceEventX.class"/>
           <exclude name="com/opencloud/sleetck/lib/resource/events/TCKResourceEventY.class"/>
           <exclude name="com/opencloud/sleetck/lib/resource/sbbapi/TCKActivity.class"/>
           <exclude name="com/opencloud/sleetck/lib/resource/TCKActivityID.class"/>
           <exclude name="com/opencloud/sleetck/lib/TCKException.class"/>
           <exclude name="com/opencloud/sleetck/lib/TCKTestErrorException.class"/>
           <exclude name="com/opencloud/sleetck/lib/testutils/ExceptionsUtil.class"/>

         </fileset>
       </resourceadaptorjar>
     </deployablejar>
   </target>


   <target name="assemble-resource-adaptor-common" depends="build-resource-adaptor-type">
      <delete  file="${jars}/${tck-ra-common.package}" quiet="true"/>
      <jar destfile="${jars}/${tck-ra-common.package}">
         <fileset dir="${classes.sleetck}"
                      includes="com/opencloud/sleetck/lib/resource/**/*.class,
                                com/opencloud/logging/*.class,
                                com/opencloud/util/SimpleDateFormat.class"/>
      </jar>
   </target>

   <!-- TEST SUITE AND SLEE COMPONENTS -->

   <target name="compile-tests" depends="ensure-classes-dir,find-libs">
      <javac srcdir="${tck.source}" destdir="${classes.sleetck}" debug="on" nowarn="true" source="1.4">
         <classpath>
            <path refid="project.class.path"/>
            <pathelement location="${slee.library}"/>
            <pathelement location="${javatest.library}"/>
            <pathelement location="${jmx.library}"/>
            <pathelement location="${jta.library}"/>
         </classpath>
         <include name="com/opencloud/sleetck/lib/testsuite/**/*.java"/>
      </javac>
   </target>

   <!-- COMMON SLEE COMPONENTS FOR TESTSUITE  -->

   <target name="assemble-common-components">
        <ant antfile="${tck.source}/com/opencloud/sleetck/lib/sbbutils/events/custom-components.xml"/>
        <ant antfile="${tck.source}/com/opencloud/sleetck/lib/sbbutils/events2/custom-components.xml"/>
   </target>

   <!-- CUSTOM SLEE COMPONENTS FOR TESTSUITE  -->

   <target name="assemble-custom-components" depends="build-infrastructure,compile-tests,ensure-jars-dir">
        <!-- Delegate to a separate build file to build the SLEE components defined in the test suite directory -->
        <ant antfile="${tck.source}/com/opencloud/sleetck/lib/testsuite/custom-components.xml"/>
   </target>

   <!-- BUILD TEST SUITE -->

   <target name="build-test-suite" depends="build-infrastructure,compile-tests,
                assemble-common-components,assemble-custom-components"/>

   <!-- TCK LIBRARY -->

   <target name="assemble-full-tck" depends="ensure-jars-dir">
      <delete file="${jars}/${tck.package}" quiet="true"/>
      <jar destfile="${jars}/${tck.package}">
         <fileset dir="${classes.sleetck}"
        includes="com/opencloud/sleetck/lib/**/*.class,
                  com/opencloud/logging/**/*.class,
                  com/opencloud/util/Future*.class,
                                  com/opencloud/util/SleepUtil.class,
                                  com/opencloud/util/SimpleDateFormat.class"/>
         <fileset dir="${tck.source}"
        includes="com/opencloud/sleetck/lib/interview/sleetck.properties,
                  com/opencloud/sleetck/lib/infra/i18n.properties,
                  com/opencloud/sleetck/lib/infra/testfinder/i18n.properties,
                  com/opencloud/sleetck/lib/interview/help/**"/>
      </jar>
   </target>

   <target name="build-tck" depends="build-infrastructure,build-resource-adaptor-type,
        assemble-resource-adaptor-common,build-resource-adaptor,build-test-suite,assemble-full-tck"/>

   <!-- JAVADOC -->

   <target name="javadoc">
      <delete dir="${javadoc}" quiet="true"/>
      <mkdir dir="${javadoc}"/>
      <javadoc sourcepath="${tck.source}" destdir="${javadoc}"
         Use="true" Private="true" Splitindex="true"
         Overview="${tck.source}/com/opencloud/sleetck/lib/overview.html"
         Windowtitle="JAIN SLEE TCK v1.0"
         Doctitle="JAIN SLEE TCK v1.0"
         Header="JAIN SLEE TCK v1.0">
          <package name="com.opencloud.sleetck.lib.*"/>
          <package name="com.opencloud.sleetck.ext.*"/>
          <excludepackage name="com.opencloud.sleetck.lib.testsuite.*"/>
          <excludepackage name="com.opencloud.sleetck.lib.interview.help.*"/>
      </javadoc>
   </target>

</project>


